REGION;DEPARTEMENT;CODE_INSEE;COMMUNE;NB_REDEVABLES;PAT_MOYEN;IMPOTS_MOYEN
PROVENCE-ALPES-COTED'AZUR;ALPES-MARITIMES;06900;MONACO;612;3574723;23934;;;;;;;;;;;;;;;;;;;;;;;;;;;;;;;;;;;;;;;;;;;;;;;;;;;;;;;;;
ILE-DE-FRANCE;PARIS;75107;VILLEDEPARIS;4077;3203056;17358;;;;;;;;;;;;;;;;;;;;;;;;;;;;;;;;;;;;;;;;;;;;;;;;;;;;;;;;;
LES-HAUTS-DE-FRANCE;OISE;60057;BEAUVAIS;61;2895949;15666;;;;;;;;;;;;;;;;;;;;;;;;;;;;;;;;;;;;;;;;;;;;;;;;;;;;;;;;;
NOUVELLE-AQUITAINE;CORREZE;19031;BRIVE;58;2718003;15376;;;;;;;;;;;;;;;;;;;;;;;;;;;;;;;;;;;;;;;;;;;;;;;;;;;;;;;;;
ILE-DE-FRANCE;HAUTS-DE-SEINE;92051;NEUILLYSURSEINE;3524;2895472;14870;;;;;;;;;;;;;;;;;;;;;;;;;;;;;;;;;;;;;;;;;;;;;;;;;;;;;;;;;
ILE-DE-FRANCE;PARIS;75108;VILLEDEPARIS;2107;2847048;14819;;;;;;;;;;;;;;;;;;;;;;;;;;;;;;;;;;;;;;;;;;;;;;;;;;;;;;;;;
ILE-DE-FRANCE;PARIS;75106;VILLEDEPARIS;2668;2872758;14777;;;;;;;;;;;;;;;;;;;;;;;;;;;;;;;;;;;;;;;;;;;;;;;;;;;;;;;;;
ILE-DE-FRANCE;ESSONNE;91477;PALAISEAU;51;3234389;14644;;;;;;;;;;;;;;;;;;;;;;;;;;;;;;;;;;;;;;;;;;;;;;;;;;;;;;;;;
ILE-DE-FRANCE;PARIS;75116;VILLEDEPARIS;8853;2833570;13790;;;;;;;;;;;;;;;;;;;;;;;;;;;;;;;;;;;;;;;;;;;;;;;;;;;;;;;;;
ILE-DE-FRANCE;PARIS;75104;VILLEDEPARIS;836;2761867;13712;;;;;;;;;;;;;;;;;;;;;;;;;;;;;;;;;;;;;;;;;;;;;;;;;;;;;;;;;
ILE-DE-FRANCE;PARIS;75101;VILLEDEPARIS;517;2755940;13402;;;;;;;;;;;;;;;;;;;;;;;;;;;;;;;;;;;;;;;;;;;;;;;;;;;;;;;;;
PROVENCE-ALPES-COTED'AZUR;ALPES-MARITIMES;06029;CANNES;626;2770439;12642;;;;;;;;;;;;;;;;;;;;;;;;;;;;;;;;;;;;;;;;;;;;;;;;;;;;;;;;;
LAREUNION;LAREUNION;97416;SAINTPIERRE;108;2495870;12228;;;;;;;;;;;;;;;;;;;;;;;;;;;;;;;;;;;;;;;;;;;;;;;;;;;;;;;;;
PROVENCE-ALPES-COTED'AZUR;ALPES-MARITIMES;06079;MANDELIEULANAPOULE;127;2395674;12211;;;;;;;;;;;;;;;;;;;;;;;;;;;;;;;;;;;;;;;;;;;;;;;;;;;;;;;;;
ILE-DE-FRANCE;PARIS;75103;VILLEDEPARIS;742;2531358;12101;;;;;;;;;;;;;;;;;;;;;;;;;;;;;;;;;;;;;;;;;;;;;;;;;;;;;;;;;
PAYSDELALOIRE;MAYENNE;53130;LAVAL;66;2479986;11821;;;;;;;;;;;;;;;;;;;;;;;;;;;;;;;;;;;;;;;;;;;;;;;;;;;;;;;;;
GRAND-EST;HAUT-RHIN;68066;COLMAR;85;2539133;11673;;;;;;;;;;;;;;;;;;;;;;;;;;;;;;;;;;;;;;;;;;;;;;;;;;;;;;;;;
ILE-DE-FRANCE;VAL-DE-MARNE;94067;SAINTMANDE;401;2466876;11607;;;;;;;;;;;;;;;;;;;;;;;;;;;;;;;;;;;;;;;;;;;;;;;;;;;;;;;;;
NOUVELLE-AQUITAINE;GIRONDE;33069;LEBOUSCAT;181;2426451;11318;;;;;;;;;;;;;;;;;;;;;;;;;;;;;;;;;;;;;;;;;;;;;;;;;;;;;;;;;
ILE-DE-FRANCE;PARIS;75118;VILLEDEPARIS;799;2465575;11154;;;;;;;;;;;;;;;;;;;;;;;;;;;;;;;;;;;;;;;;;;;;;;;;;;;;;;;;;
CORSE;CORSE-DU-SUD;2A004;AJACCIO;161;2407402;11106;;;;;;;;;;;;;;;;;;;;;;;;;;;;;;;;;;;;;;;;;;;;;;;;;;;;;;;;;
LES-HAUTS-DE-FRANCE;OISE;60159;COMPIEGNE;101;2672753;11081;;;;;;;;;;;;;;;;;;;;;;;;;;;;;;;;;;;;;;;;;;;;;;;;;;;;;;;;;
ILE-DE-FRANCE;PARIS;75102;VILLEDEPARIS;303;2361067;10649;;;;;;;;;;;;;;;;;;;;;;;;;;;;;;;;;;;;;;;;;;;;;;;;;;;;;;;;;
ILE-DE-FRANCE;PARIS;75117;VILLEDEPARIS;3625;2443877;10638;;;;;;;;;;;;;;;;;;;;;;;;;;;;;;;;;;;;;;;;;;;;;;;;;;;;;;;;;
BRETAGNE;ILLE-ET-VILAINE;35238;RENNES;491;2394287;10633;;;;;;;;;;;;;;;;;;;;;;;;;;;;;;;;;;;;;;;;;;;;;;;;;;;;;;;;;
LAREUNION;LAREUNION;97411;SAINTDENIS;291;2324532;10569;;;;;;;;;;;;;;;;;;;;;;;;;;;;;;;;;;;;;;;;;;;;;;;;;;;;;;;;;
ILE-DE-FRANCE;PARIS;75105;VILLEDEPARIS;1624;2403635;10567;;;;;;;;;;;;;;;;;;;;;;;;;;;;;;;;;;;;;;;;;;;;;;;;;;;;;;;;;
LES-HAUTS-DE-FRANCE;NORD;59368;LAMADELEINE;53;2531042;10561;;;;;;;;;;;;;;;;;;;;;;;;;;;;;;;;;;;;;;;;;;;;;;;;;;;;;;;;;
ILE-DE-FRANCE;HAUTS-DE-SEINE;92014;BOURGLAREINE;158;2305257;10417;;;;;;;;;;;;;;;;;;;;;;;;;;;;;;;;;;;;;;;;;;;;;;;;;;;;;;;;;
BRETAGNE;ILLE-ET-VILAINE;35288;SAINTMALO;148;2260030;10314;;;;;;;;;;;;;;;;;;;;;;;;;;;;;;;;;;;;;;;;;;;;;;;;;;;;;;;;;
BRETAGNE;FINISTERE;29019;BREST;76;2356790;10278;;;;;;;;;;;;;;;;;;;;;;;;;;;;;;;;;;;;;;;;;;;;;;;;;;;;;;;;;
AUVERGNE-RHONE-ALPES;DROME;26362;VALENCE;61;2458973;10270;;;;;;;;;;;;;;;;;;;;;;;;;;;;;;;;;;;;;;;;;;;;;;;;;;;;;;;;;
NOUVELLE-AQUITAINE;DEUX-SEVRES;79191;NIORT;52;2256245;10203;;;;;;;;;;;;;;;;;;;;;;;;;;;;;;;;;;;;;;;;;;;;;;;;;;;;;;;;;
CENTRE-VALDELOIRE;EURE-ET-LOIR;28085;CHARTRES;88;2274040;10164;;;;;;;;;;;;;;;;;;;;;;;;;;;;;;;;;;;;;;;;;;;;;;;;;;;;;;;;;
ILE-DE-FRANCE;HAUTS-DE-SEINE;92064;SAINTCLOUD;618;2395348;10151;;;;;;;;;;;;;;;;;;;;;;;;;;;;;;;;;;;;;;;;;;;;;;;;;;;;;;;;;
ILE-DE-FRANCE;PARIS;75114;VILLEDEPARIS;1728;2328580;10133;;;;;;;;;;;;;;;;;;;;;;;;;;;;;;;;;;;;;;;;;;;;;;;;;;;;;;;;;
ILE-DE-FRANCE;HAUTS-DE-SEINE;92004;ASNIERES;308;2252531;10053;;;;;;;;;;;;;;;;;;;;;;;;;;;;;;;;;;;;;;;;;;;;;;;;;;;;;;;;;
NOUVELLE-AQUITAINE;HAUTE-VIENNE;87085;LIMOGES;131;2285481;9985;;;;;;;;;;;;;;;;;;;;;;;;;;;;;;;;;;;;;;;;;;;;;;;;;;;;;;;;;
ILE-DE-FRANCE;VAL-D'OISE;95428;MONTMORENCY;118;2319776;9963;;;;;;;;;;;;;;;;;;;;;;;;;;;;;;;;;;;;;;;;;;;;;;;;;;;;;;;;;
PROVENCE-ALPES-COTED'AZUR;ALPES-MARITIMES;06030;LECANNET;162;2317615;9959;;;;;;;;;;;;;;;;;;;;;;;;;;;;;;;;;;;;;;;;;;;;;;;;;;;;;;;;;
LES-HAUTS-DE-FRANCE;NORD;59350;LILLE;283;2367618;9904;;;;;;;;;;;;;;;;;;;;;;;;;;;;;;;;;;;;;;;;;;;;;;;;;;;;;;;;;
NOUVELLE-AQUITAINE;PYRENEES-ATLANTIQUES;64122;BIARRITZ;262;2243840;9875;;;;;;;;;;;;;;;;;;;;;;;;;;;;;;;;;;;;;;;;;;;;;;;;;;;;;;;;;
ILE-DE-FRANCE;SEINE-SAINT-DENIS;93077;VILLEMOMBLE;55;2240805;9872;;;;;;;;;;;;;;;;;;;;;;;;;;;;;;;;;;;;;;;;;;;;;;;;;;;;;;;;;
LES-HAUTS-DE-FRANCE;NORD;59646;WASQUEHAL;74;2266876;9860;;;;;;;;;;;;;;;;;;;;;;;;;;;;;;;;;;;;;;;;;;;;;;;;;;;;;;;;;
ILE-DE-FRANCE;HAUTS-DE-SEINE;92044;LEVALLOIS-PERRET;593;2301775;9777;;;;;;;;;;;;;;;;;;;;;;;;;;;;;;;;;;;;;;;;;;;;;;;;;;;;;;;;;
GRAND-EST;HAUT-RHIN;68224;MULHOUSE;84;2240180;9768;;;;;;;;;;;;;;;;;;;;;;;;;;;;;;;;;;;;;;;;;;;;;;;;;;;;;;;;;
GRAND-EST;BAS-RHIN;67482;STRASBOURG;647;2319361;9763;;;;;;;;;;;;;;;;;;;;;;;;;;;;;;;;;;;;;;;;;;;;;;;;;;;;;;;;;
ILE-DE-FRANCE;HAUTS-DE-SEINE;92049;MONTROUGE;179;2194745;9744;;;;;;;;;;;;;;;;;;;;;;;;;;;;;;;;;;;;;;;;;;;;;;;;;;;;;;;;;
OCCITANIE;HERAULT;34032;BEZIERS;79;2285524;9725;;;;;;;;;;;;;;;;;;;;;;;;;;;;;;;;;;;;;;;;;;;;;;;;;;;;;;;;;
PROVENCE-ALPES-COTED'AZUR;VAR;83050;DRAGUIGNAN;71;2181197;9623;;;;;;;;;;;;;;;;;;;;;;;;;;;;;;;;;;;;;;;;;;;;;;;;;;;;;;;;;
CENTRE-VALDELOIRE;LOIRET;45234;ORLEANS;148;2280243;9592;;;;;;;;;;;;;;;;;;;;;;;;;;;;;;;;;;;;;;;;;;;;;;;;;;;;;;;;;
CORSE;HAUTE-CORSE;2B033;BASTIA;59;2196292;9580;;;;;;;;;;;;;;;;;;;;;;;;;;;;;;;;;;;;;;;;;;;;;;;;;;;;;;;;;
NORMANDIE;SEINE-MARITIME;76351;LEHAVRE;103;2202851;9551;;;;;;;;;;;;;;;;;;;;;;;;;;;;;;;;;;;;;;;;;;;;;;;;;;;;;;;;;
ILE-DE-FRANCE;HAUTS-DE-SEINE;92020;CHATILLON;89;2182222;9474;;;;;;;;;;;;;;;;;;;;;;;;;;;;;;;;;;;;;;;;;;;;;;;;;;;;;;;;;
ILE-DE-FRANCE;VAL-DE-MARNE;94033;FONTENAYSOUSBOIS;271;2331649;9473;;;;;;;;;;;;;;;;;;;;;;;;;;;;;;;;;;;;;;;;;;;;;;;;;;;;;;;;;
AUVERGNE-RHONE-ALPES;RHONE;69123;LYON;1902;2279458;9445;;;;;;;;;;;;;;;;;;;;;;;;;;;;;;;;;;;;;;;;;;;;;;;;;;;;;;;;;
NOUVELLE-AQUITAINE;GIRONDE;33281;MERIGNAC;145;2145902;9426;;;;;;;;;;;;;;;;;;;;;;;;;;;;;;;;;;;;;;;;;;;;;;;;;;;;;;;;;
LES-HAUTS-DE-FRANCE;NORD;59328;LAMBERSART;60;2364093;9423;;;;;;;;;;;;;;;;;;;;;;;;;;;;;;;;;;;;;;;;;;;;;;;;;;;;;;;;;
NOUVELLE-AQUITAINE;GIRONDE;33063;BORDEAUX;1469;2217581;9419;;;;;;;;;;;;;;;;;;;;;;;;;;;;;;;;;;;;;;;;;;;;;;;;;;;;;;;;;
ILE-DE-FRANCE;PARIS;75109;VILLEDEPARIS;1120;2249913;9414;;;;;;;;;;;;;;;;;;;;;;;;;;;;;;;;;;;;;;;;;;;;;;;;;;;;;;;;;
PROVENCE-ALPES-COTED'AZUR;HAUTES-ALPES;05061;GAP;57;2235849;9388;;;;;;;;;;;;;;;;;;;;;;;;;;;;;;;;;;;;;;;;;;;;;;;;;;;;;;;;;
ILE-DE-FRANCE;ESSONNE;91114;BRUNOY;56;2215556;9365;;;;;;;;;;;;;;;;;;;;;;;;;;;;;;;;;;;;;;;;;;;;;;;;;;;;;;;;;
ILE-DE-FRANCE;SEINE-SAINT-DENIS;93051;NOISYLEGRAND;59;2293357;9331;;;;;;;;;;;;;;;;;;;;;;;;;;;;;;;;;;;;;;;;;;;;;;;;;;;;;;;;;
NORMANDIE;CALVADOS;14118;CAEN;197;2192665;9311;;;;;;;;;;;;;;;;;;;;;;;;;;;;;;;;;;;;;;;;;;;;;;;;;;;;;;;;;
ILE-DE-FRANCE;VAL-DE-MARNE;94068;SAINTMAURDESFOSSES;682;2208193;9262;;;;;;;;;;;;;;;;;;;;;;;;;;;;;;;;;;;;;;;;;;;;;;;;;;;;;;;;;
ILE-DE-FRANCE;PARIS;75115;VILLEDEPARIS;3137;2236794;9198;;;;;;;;;;;;;;;;;;;;;;;;;;;;;;;;;;;;;;;;;;;;;;;;;;;;;;;;;
PROVENCE-ALPES-COTED'AZUR;ALPES-MARITIMES;06069;GRASSE;124;2160182;9162;;;;;;;;;;;;;;;;;;;;;;;;;;;;;;;;;;;;;;;;;;;;;;;;;;;;;;;;;
PROVENCE-ALPES-COTED'AZUR;ALPES-MARITIMES;06123;SAINTLAURENTDUVAR;87;2188938;9157;;;;;;;;;;;;;;;;;;;;;;;;;;;;;;;;;;;;;;;;;;;;;;;;;;;;;;;;;
PROVENCE-ALPES-COTED'AZUR;ALPES-MARITIMES;06088;NICE;1243;2185850;9116;;;;;;;;;;;;;;;;;;;;;;;;;;;;;;;;;;;;;;;;;;;;;;;;;;;;;;;;;
ILE-DE-FRANCE;PARIS;75112;VILLEDEPARIS;1109;2225703;9067;;;;;;;;;;;;;;;;;;;;;;;;;;;;;;;;;;;;;;;;;;;;;;;;;;;;;;;;;
LAREUNION;LAREUNION;97415;SAINTPAUL;174;2161052;9064;;;;;;;;;;;;;;;;;;;;;;;;;;;;;;;;;;;;;;;;;;;;;;;;;;;;;;;;;
ILE-DE-FRANCE;HAUTS-DE-SEINE;92019;CHATENAYMALABRY;101;2147625;9064;;;;;;;;;;;;;;;;;;;;;;;;;;;;;;;;;;;;;;;;;;;;;;;;;;;;;;;;;
ILE-DE-FRANCE;HAUTS-DE-SEINE;92046;MALAKOFF;62;2336846;9058;;;;;;;;;;;;;;;;;;;;;;;;;;;;;;;;;;;;;;;;;;;;;;;;;;;;;;;;;
PAYSDELALOIRE;LOIRE-ATLANTIQUE;44109;NANTES;842;2206265;9026;;;;;;;;;;;;;;;;;;;;;;;;;;;;;;;;;;;;;;;;;;;;;;;;;;;;;;;;;
PROVENCE-ALPES-COTED'AZUR;VAR;83137;TOULON;243;2131695;8951;;;;;;;;;;;;;;;;;;;;;;;;;;;;;;;;;;;;;;;;;;;;;;;;;;;;;;;;;
ILE-DE-FRANCE;HAUTS-DE-SEINE;92012;BOULOGNEBILLANCOURT;1780;2224112;8947;;;;;;;;;;;;;;;;;;;;;;;;;;;;;;;;;;;;;;;;;;;;;;;;;;;;;;;;;
PROVENCE-ALPES-COTED'AZUR;ALPES-MARITIMES;06004;ANTIBES;418;2187869;8929;;;;;;;;;;;;;;;;;;;;;;;;;;;;;;;;;;;;;;;;;;;;;;;;;;;;;;;;;
LES-HAUTS-DE-FRANCE;NORD;59378;MARCQENBAROEUL;227;2346145;8927;;;;;;;;;;;;;;;;;;;;;;;;;;;;;;;;;;;;;;;;;;;;;;;;;;;;;;;;;
PROVENCE-ALPES-COTED'AZUR;BOUCHES-DU-RHONE;13001;AIXENPROVENCE;875;2192630;8895;;;;;;;;;;;;;;;;;;;;;;;;;;;;;;;;;;;;;;;;;;;;;;;;;;;;;;;;;
LAREUNION;LAREUNION;97422;TAMPON;93;2145837;8875;;;;;;;;;;;;;;;;;;;;;;;;;;;;;;;;;;;;;;;;;;;;;;;;;;;;;;;;;
GRAND-EST;MEURTHE-ET-MOSELLE;54395;NANCY;184;2314728;8874;;;;;;;;;;;;;;;;;;;;;;;;;;;;;;;;;;;;;;;;;;;;;;;;;;;;;;;;;
OCCITANIE;HAUTE-GARONNE;31557;TOURNEFEUILLE;61;2213884;8848;;;;;;;;;;;;;;;;;;;;;;;;;;;;;;;;;;;;;;;;;;;;;;;;;;;;;;;;;
NOUVELLE-AQUITAINE;GIRONDE;33529;LATESTEDEBUCH;196;2266493;8843;;;;;;;;;;;;;;;;;;;;;;;;;;;;;;;;;;;;;;;;;;;;;;;;;;;;;;;;;
ILE-DE-FRANCE;VAL-DE-MARNE;94017;CHAMPIGNYSURMARNE;63;2116037;8820;;;;;;;;;;;;;;;;;;;;;;;;;;;;;;;;;;;;;;;;;;;;;;;;;;;;;;;;;
PAYSDELALOIRE;VENDEE;85194;LESSABLESD'OLONNE;125;2135252;8815;;;;;;;;;;;;;;;;;;;;;;;;;;;;;;;;;;;;;;;;;;;;;;;;;;;;;;;;;
PROVENCE-ALPES-COTED'AZUR;VAR;83118;SAINT-RAPHAEL;291;2152180;8804;;;;;;;;;;;;;;;;;;;;;;;;;;;;;;;;;;;;;;;;;;;;;;;;;;;;;;;;;
BOURGOGNE-FRANCHE-COMTE;COTE-D'OR;21231;DIJON;174;2173765;8786;;;;;;;;;;;;;;;;;;;;;;;;;;;;;;;;;;;;;;;;;;;;;;;;;;;;;;;;;
LES-HAUTS-DE-FRANCE;SOMME;80021;AMIENS;160;2176603;8769;;;;;;;;;;;;;;;;;;;;;;;;;;;;;;;;;;;;;;;;;;;;;;;;;;;;;;;;;
AUVERGNE-RHONE-ALPES;RHONE;69202;STEFOYLESLYON;171;2209627;8766;;;;;;;;;;;;;;;;;;;;;;;;;;;;;;;;;;;;;;;;;;;;;;;;;;;;;;;;;
PROVENCE-ALPES-COTED'AZUR;BOUCHES-DU-RHONE;13055;MARSEILLE;1444;2191555;8731;;;;;;;;;;;;;;;;;;;;;;;;;;;;;;;;;;;;;;;;;;;;;;;;;;;;;;;;;
ILE-DE-FRANCE;PARIS;75119;VILLEDEPARIS;471;2226403;8683;;;;;;;;;;;;;;;;;;;;;;;;;;;;;;;;;;;;;;;;;;;;;;;;;;;;;;;;;
AUVERGNE-RHONE-ALPES;RHONE;69034;CALUIREETCUIRE;208;2224681;8675;;;;;;;;;;;;;;;;;;;;;;;;;;;;;;;;;;;;;;;;;;;;;;;;;;;;;;;;;
AUVERGNE-RHONE-ALPES;ISERE;38185;GRENOBLE;178;2167094;8652;;;;;;;;;;;;;;;;;;;;;;;;;;;;;;;;;;;;;;;;;;;;;;;;;;;;;;;;;
OCCITANIE;HAUTE-GARONNE;31555;TOULOUSE;1112;2163031;8617;;;;;;;;;;;;;;;;;;;;;;;;;;;;;;;;;;;;;;;;;;;;;;;;;;;;;;;;;
ILE-DE-FRANCE;PARIS;75113;VILLEDEPARIS;936;2156244;8602;;;;;;;;;;;;;;;;;;;;;;;;;;;;;;;;;;;;;;;;;;;;;;;;;;;;;;;;;
OCCITANIE;PYRENEES-ORIENTALES;66136;PERPIGNAN;133;2096482;8602;;;;;;;;;;;;;;;;;;;;;;;;;;;;;;;;;;;;;;;;;;;;;;;;;;;;;;;;;
ILE-DE-FRANCE;HAUTS-DE-SEINE;92062;PUTEAUX;121;2115114;8564;;;;;;;;;;;;;;;;;;;;;;;;;;;;;;;;;;;;;;;;;;;;;;;;;;;;;;;;;
PROVENCE-ALPES-COTED'AZUR;BOUCHES-DU-RHONE;13028;LACIOTAT;96;2079346;8536;;;;;;;;;;;;;;;;;;;;;;;;;;;;;;;;;;;;;;;;;;;;;;;;;;;;;;;;;
GRAND-EST;MOSELLE;57463;METZ;131;2142112;8509;;;;;;;;;;;;;;;;;;;;;;;;;;;;;;;;;;;;;;;;;;;;;;;;;;;;;;;;;
ILE-DE-FRANCE;PARIS;75111;VILLEDEPARIS;1064;2207679;8508;;;;;;;;;;;;;;;;;;;;;;;;;;;;;;;;;;;;;;;;;;;;;;;;;;;;;;;;;
AUVERGNE-RHONE-ALPES;HAUTE-SAVOIE;74281;THONON-LES-BAINS;88;2112336;8487;;;;;;;;;;;;;;;;;;;;;;;;;;;;;;;;;;;;;;;;;;;;;;;;;;;;;;;;;
NORMANDIE;SEINE-MARITIME;76540;ROUEN;158;2102109;8472;;;;;;;;;;;;;;;;;;;;;;;;;;;;;;;;;;;;;;;;;;;;;;;;;;;;;;;;;
PROVENCE-ALPES-COTED'AZUR;BOUCHES-DU-RHONE;13103;SALONDEPROVENCE;56;2016610;8472;;;;;;;;;;;;;;;;;;;;;;;;;;;;;;;;;;;;;;;;;;;;;;;;;;;;;;;;;
NOUVELLE-AQUITAINE;GIRONDE;33192;GRADIGNAN;69;2137297;8463;;;;;;;;;;;;;;;;;;;;;;;;;;;;;;;;;;;;;;;;;;;;;;;;;;;;;;;;;
NOUVELLE-AQUITAINE;GIRONDE;33449;SAINT-MEDARD-EN-JALLES;52;2105352;8445;;;;;;;;;;;;;;;;;;;;;;;;;;;;;;;;;;;;;;;;;;;;;;;;;;;;;;;;;
ILE-DE-FRANCE;YVELINES;78646;VERSAILLES;1180;2234389;8417;;;;;;;;;;;;;;;;;;;;;;;;;;;;;;;;;;;;;;;;;;;;;;;;;;;;;;;;;
ILE-DE-FRANCE;PARIS;75110;VILLEDEPARIS;530;2166497;8407;;;;;;;;;;;;;;;;;;;;;;;;;;;;;;;;;;;;;;;;;;;;;;;;;;;;;;;;;
ILE-DE-FRANCE;VAL-DE-MARNE;94058;LEPERREUXSURMARNE;176;2164142;8402;;;;;;;;;;;;;;;;;;;;;;;;;;;;;;;;;;;;;;;;;;;;;;;;;;;;;;;;;
NOUVELLE-AQUITAINE;GIRONDE;33522;TALENCE;83;2080981;8386;;;;;;;;;;;;;;;;;;;;;;;;;;;;;;;;;;;;;;;;;;;;;;;;;;;;;;;;;
ILE-DE-FRANCE;VAL-DE-MARNE;94052;NOGENTSURMARNE;312;2801745;8373;;;;;;;;;;;;;;;;;;;;;;;;;;;;;;;;;;;;;;;;;;;;;;;;;;;;;;;;;
OCCITANIE;HERAULT;34003;AGDE;57;2121132;8349;;;;;;;;;;;;;;;;;;;;;;;;;;;;;;;;;;;;;;;;;;;;;;;;;;;;;;;;;
GRAND-EST;MARNE;51454;REIMS;243;2145815;8335;;;;;;;;;;;;;;;;;;;;;;;;;;;;;;;;;;;;;;;;;;;;;;;;;;;;;;;;;
ILE-DE-FRANCE;HAUTS-DE-SEINE;92050;NANTERRE;93;2105610;8334;;;;;;;;;;;;;;;;;;;;;;;;;;;;;;;;;;;;;;;;;;;;;;;;;;;;;;;;;
PAYSDELALOIRE;SARTHE;72181;LEMANS;155;2120569;8326;;;;;;;;;;;;;;;;;;;;;;;;;;;;;;;;;;;;;;;;;;;;;;;;;;;;;;;;;
NOUVELLE-AQUITAINE;PYRENEES-ATLANTIQUES;64024;ANGLET;190;2057209;8322;;;;;;;;;;;;;;;;;;;;;;;;;;;;;;;;;;;;;;;;;;;;;;;;;;;;;;;;;
PROVENCE-ALPES-COTED'AZUR;VAR;83061;FREJUS;142;2073239;8252;;;;;;;;;;;;;;;;;;;;;;;;;;;;;;;;;;;;;;;;;;;;;;;;;;;;;;;;;
NOUVELLE-AQUITAINE;PYRENEES-ATLANTIQUES;64102;BAYONNE;114;2071024;8246;;;;;;;;;;;;;;;;;;;;;;;;;;;;;;;;;;;;;;;;;;;;;;;;;;;;;;;;;
OCCITANIE;HERAULT;34172;MONTPELLIER;440;2107945;8238;;;;;;;;;;;;;;;;;;;;;;;;;;;;;;;;;;;;;;;;;;;;;;;;;;;;;;;;;
ILE-DE-FRANCE;YVELINES;78551;SAINT-GERMAIN-EN-LAYE;514;2196506;8199;;;;;;;;;;;;;;;;;;;;;;;;;;;;;;;;;;;;;;;;;;;;;;;;;;;;;;;;;
ILE-DE-FRANCE;VAL-DE-MARNE;94081;VITRYSURSEINE;56;2060675;8164;;;;;;;;;;;;;;;;;;;;;;;;;;;;;;;;;;;;;;;;;;;;;;;;;;;;;;;;;
ILE-DE-FRANCE;PARIS;75120;VILLEDEPARIS;469;2092449;8136;;;;;;;;;;;;;;;;;;;;;;;;;;;;;;;;;;;;;;;;;;;;;;;;;;;;;;;;;
ILE-DE-FRANCE;VAL-DE-MARNE;94018;CHARENTONLEPONT;199;2127499;8110;;;;;;;;;;;;;;;;;;;;;;;;;;;;;;;;;;;;;;;;;;;;;;;;;;;;;;;;;
ILE-DE-FRANCE;HAUTS-DE-SEINE;92024;CLICHY;52;2081637;8105;;;;;;;;;;;;;;;;;;;;;;;;;;;;;;;;;;;;;;;;;;;;;;;;;;;;;;;;;
AUVERGNE-RHONE-ALPES;RHONE;69244;TASSIN-LA-DEMI-LUNE;110;2124329;8085;;;;;;;;;;;;;;;;;;;;;;;;;;;;;;;;;;;;;;;;;;;;;;;;;;;;;;;;;
ILE-DE-FRANCE;HAUTS-DE-SEINE;92063;RUEILMALMAISON;646;2145530;8067;;;;;;;;;;;;;;;;;;;;;;;;;;;;;;;;;;;;;;;;;;;;;;;;;;;;;;;;;
ILE-DE-FRANCE;VAL-DE-MARNE;94038;L'HAYLESROSES;56;2032772;8003;;;;;;;;;;;;;;;;;;;;;;;;;;;;;;;;;;;;;;;;;;;;;;;;;;;;;;;;;
AUVERGNE-RHONE-ALPES;RHONE;69204;SAINT-GENIS-LAVAL;63;2086475;7987;;;;;;;;;;;;;;;;;;;;;;;;;;;;;;;;;;;;;;;;;;;;;;;;;;;;;;;;;
ILE-DE-FRANCE;HAUTS-DE-SEINE;92035;LAGARENNECOLOMBES;143;2077514;7931;;;;;;;;;;;;;;;;;;;;;;;;;;;;;;;;;;;;;;;;;;;;;;;;;;;;;;;;;
ILE-DE-FRANCE;VAL-DE-MARNE;94046;MAISONSALFORT;110;2081845;7917;;;;;;;;;;;;;;;;;;;;;;;;;;;;;;;;;;;;;;;;;;;;;;;;;;;;;;;;;
ILE-DE-FRANCE;VAL-DE-MARNE;94080;VINCENNES;429;2120055;7908;;;;;;;;;;;;;;;;;;;;;;;;;;;;;;;;;;;;;;;;;;;;;;;;;;;;;;;;;
PROVENCE-ALPES-COTED'AZUR;ALPES-MARITIMES;06155;VALLAURIS;168;2065740;7908;;;;;;;;;;;;;;;;;;;;;;;;;;;;;;;;;;;;;;;;;;;;;;;;;;;;;;;;;
NOUVELLE-AQUITAINE;CHARENTE-MARITIME;17300;LAROCHELLE;220;2072775;7873;;;;;;;;;;;;;;;;;;;;;;;;;;;;;;;;;;;;;;;;;;;;;;;;;;;;;;;;;
OCCITANIE;GARD;30189;NIMES;209;2004702;7771;;;;;;;;;;;;;;;;;;;;;;;;;;;;;;;;;;;;;;;;;;;;;;;;;;;;;;;;;
PAYSDELALOIRE;LOIRE-ATLANTIQUE;44215;VERTOU;52;2028753;7761;;;;;;;;;;;;;;;;;;;;;;;;;;;;;;;;;;;;;;;;;;;;;;;;;;;;;;;;;
ILE-DE-FRANCE;YVELINES;78517;RAMBOUILLET;84;2043989;7759;;;;;;;;;;;;;;;;;;;;;;;;;;;;;;;;;;;;;;;;;;;;;;;;;;;;;;;;;
CENTRE-VALDELOIRE;INDRE-ET-LOIRE;37261;TOURS;176;2068887;7743;;;;;;;;;;;;;;;;;;;;;;;;;;;;;;;;;;;;;;;;;;;;;;;;;;;;;;;;;
PROVENCE-ALPES-COTED'AZUR;VAR;83129;SIX-FOURS-LES-PLAGES;108;2063007;7736;;;;;;;;;;;;;;;;;;;;;;;;;;;;;;;;;;;;;;;;;;;;;;;;;;;;;;;;;
PROVENCE-ALPES-COTED'AZUR;BOUCHES-DU-RHONE;13005;AUBAGNE;80;2263026;7726;;;;;;;;;;;;;;;;;;;;;;;;;;;;;;;;;;;;;;;;;;;;;;;;;;;;;;;;;
PROVENCE-ALPES-COTED'AZUR;ALPES-MARITIMES;06027;CAGNESSURMER;153;2004050;7723;;;;;;;;;;;;;;;;;;;;;;;;;;;;;;;;;;;;;;;;;;;;;;;;;;;;;;;;;
LES-HAUTS-DE-FRANCE;NORD;59183;DUNKERQUE;53;2027053;7673;;;;;;;;;;;;;;;;;;;;;;;;;;;;;;;;;;;;;;;;;;;;;;;;;;;;;;;;;
LES-HAUTS-DE-FRANCE;NORD;59009;VILLENEUVED'ASCQ;103;2088373;7670;;;;;;;;;;;;;;;;;;;;;;;;;;;;;;;;;;;;;;;;;;;;;;;;;;;;;;;;;
PROVENCE-ALPES-COTED'AZUR;VAR;83069;HYERES;218;2080389;7623;;;;;;;;;;;;;;;;;;;;;;;;;;;;;;;;;;;;;;;;;;;;;;;;;;;;;;;;;
ILE-DE-FRANCE;YVELINES;78146;CHATOU;232;2086994;7527;;;;;;;;;;;;;;;;;;;;;;;;;;;;;;;;;;;;;;;;;;;;;;;;;;;;;;;;;
ILE-DE-FRANCE;HAUTS-DE-SEINE;92048;MEUDON;360;2104584;7519;;;;;;;;;;;;;;;;;;;;;;;;;;;;;;;;;;;;;;;;;;;;;;;;;;;;;;;;;
ILE-DE-FRANCE;HAUTS-DE-SEINE;92075;VANVES;149;2052514;7509;;;;;;;;;;;;;;;;;;;;;;;;;;;;;;;;;;;;;;;;;;;;;;;;;;;;;;;;;
PROVENCE-ALPES-COTED'AZUR;VAR;83126;LASEYNESURMER;59;1924148;7498;;;;;;;;;;;;;;;;;;;;;;;;;;;;;;;;;;;;;;;;;;;;;;;;;;;;;;;;;
AUVERGNE-RHONE-ALPES;HAUTE-SAVOIE;74010;ANNECY;476;1986205;7492;;;;;;;;;;;;;;;;;;;;;;;;;;;;;;;;;;;;;;;;;;;;;;;;;;;;;;;;;
ILE-DE-FRANCE;YVELINES;78126;LACELLE-SAINT-CLOUD;189;2106718;7394;;;;;;;;;;;;;;;;;;;;;;;;;;;;;;;;;;;;;;;;;;;;;;;;;;;;;;;;;
ILE-DE-FRANCE;HAUTS-DE-SEINE;92072;SEVRES;252;2039924;7388;;;;;;;;;;;;;;;;;;;;;;;;;;;;;;;;;;;;;;;;;;;;;;;;;;;;;;;;;
ILE-DE-FRANCE;SEINE-SAINT-DENIS;93005;AULNAYSOUSBOIS;51;2038816;7385;;;;;;;;;;;;;;;;;;;;;;;;;;;;;;;;;;;;;;;;;;;;;;;;;;;;;;;;;
ILE-DE-FRANCE;VAL-DE-MARNE;94028;CRETEIL;77;2003732;7380;;;;;;;;;;;;;;;;;;;;;;;;;;;;;;;;;;;;;;;;;;;;;;;;;;;;;;;;;
ILE-DE-FRANCE;HAUTS-DE-SEINE;92026;COURBEVOIE;349;2027190;7359;;;;;;;;;;;;;;;;;;;;;;;;;;;;;;;;;;;;;;;;;;;;;;;;;;;;;;;;;
OCCITANIE;AUDE;11262;NARBONNE;52;1966821;7355;;;;;;;;;;;;;;;;;;;;;;;;;;;;;;;;;;;;;;;;;;;;;;;;;;;;;;;;;
ILE-DE-FRANCE;HAUTS-DE-SEINE;92060;LEPLESSISROBINSON;61;2099971;7346;;;;;;;;;;;;;;;;;;;;;;;;;;;;;;;;;;;;;;;;;;;;;;;;;;;;;;;;;
ILE-DE-FRANCE;HAUTS-DE-SEINE;92025;COLOMBES;182;2025123;7339;;;;;;;;;;;;;;;;;;;;;;;;;;;;;;;;;;;;;;;;;;;;;;;;;;;;;;;;;
AUVERGNE-RHONE-ALPES;RHONE;69029;BRON;64;2012265;7328;;;;;;;;;;;;;;;;;;;;;;;;;;;;;;;;;;;;;;;;;;;;;;;;;;;;;;;;;
ILE-DE-FRANCE;ESSONNE;91272;GIFSURYVETTE;98;2025798;7314;;;;;;;;;;;;;;;;;;;;;;;;;;;;;;;;;;;;;;;;;;;;;;;;;;;;;;;;;
ILE-DE-FRANCE;HAUTS-DE-SEINE;92032;FONTENAYAUXROSES;74;1989128;7290;;;;;;;;;;;;;;;;;;;;;;;;;;;;;;;;;;;;;;;;;;;;;;;;;;;;;;;;;
OCCITANIE;HERAULT;34301;SETE;95;1988436;7271;;;;;;;;;;;;;;;;;;;;;;;;;;;;;;;;;;;;;;;;;;;;;;;;;;;;;;;;;
PROVENCE-ALPES-COTED'AZUR;VAUCLUSE;84007;AVIGNON;94;2068354;7206;;;;;;;;;;;;;;;;;;;;;;;;;;;;;;;;;;;;;;;;;;;;;;;;;;;;;;;;;
BRETAGNE;MORBIHAN;56260;VANNES;145;1977304;7194;;;;;;;;;;;;;;;;;;;;;;;;;;;;;;;;;;;;;;;;;;;;;;;;;;;;;;;;;
ILE-DE-FRANCE;HAUTS-DE-SEINE;92040;ISSYLESMOULINEAUX;348;2027966;7189;;;;;;;;;;;;;;;;;;;;;;;;;;;;;;;;;;;;;;;;;;;;;;;;;;;;;;;;;
LES-HAUTS-DE-FRANCE;NORD;59163;CROIX;85;2168735;7149;;;;;;;;;;;;;;;;;;;;;;;;;;;;;;;;;;;;;;;;;;;;;;;;;;;;;;;;;
ILE-DE-FRANCE;YVELINES;78358;MAISONS-LAFFITTE;231;2038385;7143;;;;;;;;;;;;;;;;;;;;;;;;;;;;;;;;;;;;;;;;;;;;;;;;;;;;;;;;;
AUVERGNE-RHONE-ALPES;RHONE;69266;VILLEURBANNE;73;1972216;7135;;;;;;;;;;;;;;;;;;;;;;;;;;;;;;;;;;;;;;;;;;;;;;;;;;;;;;;;;
AUVERGNE-RHONE-ALPES;SAVOIE;73065;CHAMBERY;110;1994945;7131;;;;;;;;;;;;;;;;;;;;;;;;;;;;;;;;;;;;;;;;;;;;;;;;;;;;;;;;;
NOUVELLE-AQUITAINE;VIENNE;86194;POITIERS;94;1969541;7114;;;;;;;;;;;;;;;;;;;;;;;;;;;;;;;;;;;;;;;;;;;;;;;;;;;;;;;;;
ILE-DE-FRANCE;HAUTS-DE-SEINE;92073;SURESNES;246;2030228;7091;;;;;;;;;;;;;;;;;;;;;;;;;;;;;;;;;;;;;;;;;;;;;;;;;;;;;;;;;
BOURGOGNE-FRANCHE-COMTE;DOUBS;25056;BESANCON;97;1970040;7082;;;;;;;;;;;;;;;;;;;;;;;;;;;;;;;;;;;;;;;;;;;;;;;;;;;;;;;;;
ILE-DE-FRANCE;HAUTS-DE-SEINE;92023;CLAMART;251;2007314;7012;;;;;;;;;;;;;;;;;;;;;;;;;;;;;;;;;;;;;;;;;;;;;;;;;;;;;;;;;
AUVERGNE-RHONE-ALPES;SAVOIE;73008;AIXLESBAINS;68;1937107;7006;;;;;;;;;;;;;;;;;;;;;;;;;;;;;;;;;;;;;;;;;;;;;;;;;;;;;;;;;
ILE-DE-FRANCE;VAL-DE-MARNE;94071;SUCYENBRIE;60;1954347;6987;;;;;;;;;;;;;;;;;;;;;;;;;;;;;;;;;;;;;;;;;;;;;;;;;;;;;;;;;
GRAND-EST;MOSELLE;57672;THIONVILLE;63;1935286;6985;;;;;;;;;;;;;;;;;;;;;;;;;;;;;;;;;;;;;;;;;;;;;;;;;;;;;;;;;
ILE-DE-FRANCE;HAUTS-DE-SEINE;92002;ANTONY;241;1960008;6960;;;;;;;;;;;;;;;;;;;;;;;;;;;;;;;;;;;;;;;;;;;;;;;;;;;;;;;;;
ILE-DE-FRANCE;SEINE-SAINT-DENIS;93048;MONTREUILSOUSBOIS;87;2009584;6921;;;;;;;;;;;;;;;;;;;;;;;;;;;;;;;;;;;;;;;;;;;;;;;;;;;;;;;;;
OCCITANIE;TARN-ET-GARONNE;82121;MONTAUBAN;70;1940250;6901;;;;;;;;;;;;;;;;;;;;;;;;;;;;;;;;;;;;;;;;;;;;;;;;;;;;;;;;;
PAYSDELALOIRE;MAINE-ET-LOIRE;49007;ANGERS;160;1926256;6715;;;;;;;;;;;;;;;;;;;;;;;;;;;;;;;;;;;;;;;;;;;;;;;;;;;;;;;;;
AUVERGNE-RHONE-ALPES;PUY-DE-DOME;63113;CLERMONT-FERRAND;107;1936636;6514;;;;;;;;;;;;;;;;;;;;;;;;;;;;;;;;;;;;;;;;;;;;;;;;;;;;;;;;;
OCCITANIE;TARN;81004;ALBI;65;1906581;6477;;;;;;;;;;;;;;;;;;;;;;;;;;;;;;;;;;;;;;;;;;;;;;;;;;;;;;;;;
NOUVELLE-AQUITAINE;GIRONDE;33318;PESSAC;109;1935728;6363;;;;;;;;;;;;;;;;;;;;;;;;;;;;;;;;;;;;;;;;;;;;;;;;;;;;;;;;;
ILE-DE-FRANCE;YVELINES;78158;LECHESNAY-ROCQUENCOURT;271;1957630;6340;;;;;;;;;;;;;;;;;;;;;;;;;;;;;;;;;;;;;;;;;;;;;;;;;;;;;;;;;
NOUVELLE-AQUITAINE;PYRENEES-ATLANTIQUES;64445;PAU;100;1868959;6301;;;;;;;;;;;;;;;;;;;;;;;;;;;;;;;;;;;;;;;;;;;;;;;;;;;;;;;;;
ILE-DE-FRANCE;HAUTS-DE-SEINE;92009;BOIS-COLOMBES;123;1929661;6296;;;;;;;;;;;;;;;;;;;;;;;;;;;;;;;;;;;;;;;;;;;;;;;;;;;;;;;;;
PROVENCE-ALPES-COTED'AZUR;BOUCHES-DU-RHONE;13004;ARLES;68;1869322;6264;;;;;;;;;;;;;;;;;;;;;;;;;;;;;;;;;;;;;;;;;;;;;;;;;;;;;;;;;
ILE-DE-FRANCE;VAL-DE-MARNE;94016;CACHAN;51;1901747;6220;;;;;;;;;;;;;;;;;;;;;;;;;;;;;;;;;;;;;;;;;;;;;;;;;;;;;;;;;
ILE-DE-FRANCE;HAUTS-DE-SEINE;92022;CHAVILLE;108;1859030;6170;;;;;;;;;;;;;;;;;;;;;;;;;;;;;;;;;;;;;;;;;;;;;;;;;;;;;;;;;
AUVERGNE-RHONE-ALPES;LOIRE;42218;SAINTETIENNE;83;1895126;6012;;;;;;;;;;;;;;;;;;;;;;;;;;;;;;;;;;;;;;;;;;;;;;;;;;;;;;;;;
PROVENCE-ALPES-COTED'AZUR;ALPES-MARITIMES;06083;MENTON;90;1832887;5801;;;;;;;;;;;;;;;;;;;;;;;;;;;;;;;;;;;;;;;;;;;;;;;;;;;;;;;;;
PAYSDELALOIRE;LOIRE-ATLANTIQUE;44114;ORVAULT;51;1880747;5680;;;;;;;;;;;;;;;;;;;;;;;;;;;;;;;;;;;;;;;;;;;;;;;;;;;;;;;;;
